company_name,mentioned_times
Volta Trucks,2022-04-25
G7,2022-04-25
Regent,2022-04-25
Avelo Airlines,2022-04-25
,2022-04-25
Nuro,2022-04-25
Phiar,2022-04-25
Phiar,2022-04-25
Yolda.com,2022-04-25
WeRide,2022-04-25
Plus.ai,2022-04-25
Uber,2022-04-25
,2022-04-25
,2022-04-25
Logixboard,2022-04-25
,2022-04-25
Loadsmart,2022-04-25
Tier IV,2022-04-25
Wheels Up,2022-04-25
Synspective,2022-04-25
Tier IV,2022-04-25
TriEye,2022-04-25
Cesium Astro,2022-04-25
Cesium Astro,2022-04-25
Nuro,2022-04-25
Foretellix,2022-04-25
Samsara,2022-04-25
Ottopia,2022-04-25
NoTraffic,2022-04-25
RoadBotics,2022-04-25
Turvo,2022-04-25
Grab,2022-04-25
Innovusion,2022-04-25
Vector,2022-04-25
Momenta,2022-04-25
Jooycar,2022-04-25
Jooycar,2022-04-25
Jooycar,2022-04-25
DrayNow,2022-04-25
Ample,2022-04-25
,2022-04-25
LeoLabs,2022-04-25
LeoLabs,2022-04-25
,2022-04-25
Byton,2022-04-25
Kittyhawk,2022-04-25
ICEYE,2022-04-25
Flexport,2022-04-25
,2022-04-25
Yellow,2022-04-25
DeepScale,2022-04-25
Smartcar,2022-04-25
May Mobility,2022-04-25
Xiaopeng,2022-04-25
AUTO1,2022-04-25
AUTO1,2022-04-25
AUTO1,2022-04-25
Neon,2022-04-25
Meati,2022-04-25
Socialstack,2022-04-25
Bluejay Finance,2022-04-25
Bluejay Finance,2022-04-25
FairPlay,2022-04-25
Humanity Health,2022-04-25
Humanity Health,2022-04-25
Monolith,2022-04-25
Preply,2022-04-25
Stockagile,2022-04-25
Freshippo,2022-04-25
Klarna,2022-04-25
Wonder Robotics,2022-04-25
Wonder Robotics,2022-04-25
Creditas,2022-04-25
Orus,2022-04-25
Phytolon,2022-04-25
Flexe,2022-04-25
Onomondo,2022-04-25
TaskHuman,2022-04-25
R Labs,2022-04-25
Circulor,2022-04-25
Circulor,2022-04-25
SumUp,2022-04-25
Vergo,2022-04-25
FalconX,2022-04-25
Indoor Robotics,2022-04-25
Webio,2022-04-25
HomeLight,2022-04-25
Altrio,2022-04-25
GreyNoise,2022-04-25
,2022-04-25
Recover;,2022-04-25
Bryq,2022-04-25
Geode Finance,2022-04-25
Geode Finance,2022-04-25
Datia,2022-04-25
CybSafe,2022-04-25
Devo,2022-04-25
Laminar,2022-04-25
Laminar,2022-04-25
Huuva,2022-04-25
Hoxhunt,2022-04-25
NXRT,2022-04-25
,2022-04-25
,2022-04-25
Flowcarbon,2022-04-25
Imagindairy,2022-04-25
Airspace,2022-04-25
Airspace,2022-04-25
,2022-04-25
,2022-04-25
Circles,2022-04-25
Semperis,2022-04-25
PayEngine,2022-04-25
Myrmex,2022-04-25
,2022-04-25
Space Perspective,2022-04-25
Space Perspective,2022-04-25
Near,2022-04-25
,2022-04-25
Arieca,2022-04-25
Werk,2022-04-25
Formally,2022-04-25
Quantee,2022-04-25
Viable,2022-04-25
Viable,2022-04-25
Viable,2022-04-25
OncoHost,2022-04-25
OncoHost,2022-04-25
Curebase,2022-04-25
,2022-04-25
Deliverr,2022-04-25
Kinetix,2022-04-25
Network Perception,2022-04-25
CH-AUTO,2022-04-25
Ownwell,2022-04-25
,2022-04-25
Veza,2022-04-25
Ribon,2022-04-25
Outfund,2022-04-25
Outfund,2022-04-25
Outfund,2022-04-25
Pollen,2022-04-25
UP Catalyst,2022-04-25
UP Catalyst,2022-04-25
UP Catalyst,2022-04-25
Seon,2022-04-25
Mytaverse,2022-04-25
Volta Trucks,2022-04-25
G7,2022-04-25
Regent,2022-04-25
Avelo Airlines,2022-04-25
,2022-04-25
Nuro,2022-04-25
Phiar,2022-04-25
Phiar,2022-04-25
Yolda.com,2022-04-25
WeRide,2022-04-25
Plus.ai,2022-04-25
Uber,2022-04-25
,2022-04-25
,2022-04-25
Logixboard,2022-04-25
,2022-04-25
Loadsmart,2022-04-25
Tier IV,2022-04-25
Wheels Up,2022-04-25
Synspective,2022-04-25
Tier IV,2022-04-25
TriEye,2022-04-25
Cesium Astro,2022-04-25
Cesium Astro,2022-04-25
Nuro,2022-04-25
Foretellix,2022-04-25
Samsara,2022-04-25
Ottopia,2022-04-25
NoTraffic,2022-04-25
RoadBotics,2022-04-25
Turvo,2022-04-25
Grab,2022-04-25
Innovusion,2022-04-25
Vector,2022-04-25
Momenta,2022-04-25
Jooycar,2022-04-25
Jooycar,2022-04-25
Jooycar,2022-04-25
DrayNow,2022-04-25
Ample,2022-04-25
,2022-04-25
LeoLabs,2022-04-25
LeoLabs,2022-04-25
,2022-04-25
Byton,2022-04-25
Kittyhawk,2022-04-25
ICEYE,2022-04-25
Flexport,2022-04-25
,2022-04-25
Yellow,2022-04-25
DeepScale,2022-04-25
Smartcar,2022-04-25
May Mobility,2022-04-25
Xiaopeng,2022-04-25
AUTO1,2022-04-25
AUTO1,2022-04-25
Geomiq,2022-04-25
Geomiq,2022-04-25
Neon,2022-04-25
Meati,2022-04-25
Socialstack,2022-04-25
Bluejay Finance,2022-04-25
Bluejay Finance,2022-04-25
FairPlay,2022-04-25
Humanity Health,2022-04-25
Humanity Health,2022-04-25
Monolith,2022-04-25
Preply,2022-04-25
Stockagile,2022-04-25
Freshippo,2022-04-25
Klarna,2022-04-25
Wonder Robotics,2022-04-25
Wonder Robotics,2022-04-25
Creditas,2022-04-25
Orus,2022-04-25
Phytolon,2022-04-25
Flexe,2022-04-25
Onomondo,2022-04-25
TaskHuman,2022-04-25
R Labs,2022-04-25
Circulor,2022-04-25
Circulor,2022-04-25
SumUp,2022-04-25
Vergo,2022-04-25
FalconX,2022-04-25
Indoor Robotics,2022-04-25
Webio,2022-04-25
HomeLight,2022-04-25
Altrio,2022-04-25
GreyNoise,2022-04-25
,2022-04-25
Recover;,2022-04-25
Bryq,2022-04-25
Geode Finance,2022-04-25
Geode Finance,2022-04-25
Datia,2022-04-25
CybSafe,2022-04-25
Devo,2022-04-25
Laminar,2022-04-25
Laminar,2022-04-25
Huuva,2022-04-25
Hoxhunt,2022-04-25
NXRT,2022-04-25
,2022-04-25
,2022-04-25
Flowcarbon,2022-04-25
Imagindairy,2022-04-25
Airspace,2022-04-25
Airspace,2022-04-25
,2022-04-25
,2022-04-25
Circles,2022-04-25
Semperis,2022-04-25
PayEngine,2022-04-25
Myrmex,2022-04-25
,2022-04-25
Space Perspective,2022-04-25
Space Perspective,2022-04-25
Near,2022-04-25
,2022-04-25
Arieca,2022-04-25
Werk,2022-04-25
Formally,2022-04-25
Quantee,2022-04-25
Viable,2022-04-25
Viable,2022-04-25
Viable,2022-04-25
OncoHost,2022-04-25
OncoHost,2022-04-25
Curebase,2022-04-25
,2022-04-25
Deliverr,2022-04-25
Kinetix,2022-04-25
Network Perception,2022-04-25
CH-AUTO,2022-04-25
Ownwell,2022-04-25
,2022-04-25
Veza,2022-04-25
Ribon,2022-04-25
Outfund,2022-04-25
Outfund,2022-04-25
Outfund,2022-04-25
Pollen,2022-04-25
UP Catalyst,2022-04-25
UP Catalyst,2022-04-25
UP Catalyst,2022-04-25
Seon,2022-04-25
Mytaverse,2022-04-25
